Row ID,Order ID,Order Date,Ship Date,Ship Mode,Customer ID,Customer Name,Segment,Country,City,State,Postal Code,Region,Product ID,Category,Sub-Category,Product Name,Sales
1,CA-2017-152156,08/11/2017,11/11/2017,Second Class,CG-12520,Claire Gute,Consumer,United States,Henderson,Kentucky,42420.0,South,FUR-BO-10001798,Furniture,Bookcases,Bush Somerset Collection Bookcase,261.9600
2,CA-2017-152156,08/11/2017,11/11/2017,Second Class,CG-12520,Claire Gute,Consumer,United States,Henderson,Kentucky,42420.0,South,FUR-CH-10000454,Furniture,Chairs,"Hon Deluxe Fabric Upholstered Stacking Chairs,...",731.9400
3,CA-2017-138688,12/06/2017,16/06/2017,Second Class,DV-13045,Darrin Van Huff,Corporate,United States,Los Angeles,California,90036.0,West,OFF-LA-10000240,Office Supplies,Labels,Self-Adhesive Address Labels for Typewriters b...,14.6200
4,US-2016-108966,11/10/2016,18/10/2016,Standard Class,SO-20335,Sean O'Donnell,Consumer,United States,Fort Lauderdale,Florida,33311.0,South,FUR-TA-10000577,Furniture,Tables,Bretford CR4500 Series Slim Rectangular Table,957.5775
5,US-2016-108966,11/10/2016,18/10/2016,Standard Class,SO-20335,Sean O'Donnell,Consumer,United States,Fort Lauderdale,Florida,33311.0,South,OFF-ST-10000760,Office Supplies,Storage,Eldon Fold 'N Roll Cart System,22.3680
...,...,...,...,...,...,...,...,...,...,...,...,...,...,...,...,...,...
9796,CA-2017-125920,21/05/2017,28/05/2017,Standard Class,SH-19975,Sally Hughsby,Corporate,United States,Chicago,Illinois,60610.0,Central,OFF-BI-10003429,Office Supplies,Binders,"Cardinal HOLDit! Binder Insert Strips,Extra St...",3.7980
9797,CA-2016-128608,12/01/2016,17/01/2016,Standard Class,CS-12490,Cindy Schnelling,Corporate,United States,Toledo,Ohio,43615.0,East,OFF-AR-10001374,Office Supplies,Art,"BIC Brite Liner Highlighters, Chisel Tip",10.3680
9798,CA-2016-128608,12/01/2016,17/01/2016,Standard Class,CS-12490,Cindy Schnelling,Corporate,United States,Toledo,Ohio,43615.0,East,TEC-PH-10004977,Technology,Phones,GE 30524EE4,235.1880
9799,CA-2016-128608,12/01/2016,17/01/2016,Standard Class,CS-12490,Cindy Schnelling,Corporate,United States,Toledo,Ohio,43615.0,East,TEC-PH-10000912,Technology,Phones,Anker 24W Portable Micro USB Car Charger,26.3760
9800,CA-2016-128608,12/01/2016,17/01/2016,Standard Class,CS-12490,Cindy Schnelling,Corporate,United States,Toledo,Ohio,43615.0,East,TEC-AC-10000487,Technology,Accessories,SanDisk Cruzer 4 GB USB Flash Drive,10.3840
